FECHA (YYMMDD);HORA (HHMM);Registros validados;Registros preliminares;Registros no validados;
151221;0000;13,6283;;;
151222;0000;13,6361;;;
151223;0000;12,8568;;;
151224;0000;17,8701;;;
151225;0000;12,434;;;
151226;0000;14,1544;;;
151227;0000;9,79344;;;
151228;0000;12,0571;;;
151229;0000;11,5225;;;
151230;0000;11,1748;;;
151231;0000;16,3737;;;
160101;0000;14,3651;;;
160102;0000;11,3112;;;
160103;0000;9,85782;;;
160104;0000;12,1772;;;
160105;0000;8,99065;;;
160106;0000;7,91899;;;
160107;0000;9,14186;;;
160108;0000;7,28262;;;
160109;0000;6,80078;;;
160110;0000;4,63291;;;
160111;0000;5,03041;;;
160112;0000;5,76115;;;
160113;0000;;;1,42317;
160114;0000;;;1,84608;
160115;0000;;;4,0922;
160116;0000;9,23499;;;
160117;0000;6,24566;;;
160118;0000;6,9337;;;
160119;0000;11,0329;;;
160120;0000;9,15057;;;
160121;0000;9,18024;;;
160122;0000;5,27316;;;
160123;0000;6,65445;;;
160124;0000;8,14841;;;
160125;0000;9,94069;;;
160126;0000;12,9963;;;
160127;0000;9,5894;;;
160128;0000;4,91533;;;
160129;0000;9,58461;;;
160130;0000;10,6983;;;
160131;0000;8,90385;;;
160201;0000;11,0219;;;
160202;0000;10,5829;;;
160203;0000;5,6337;;;
160204;0000;25,6621;;;
160205;0000;22,3922;;;
160206;0000;23,6941;;;
160207;0000;10,6464;;;
160208;0000;8,90662;;;
160209;0000;5,79153;;;
160210;0000;6,95203;;;
160211;0000;5,00404;;;
160212;0000;;;;
160213;0000;6,06153;;;
160214;0000;4,59187;;;
160215;0000;4,82807;;;
160216;0000;9,72398;;;
160217;0000;10,4232;;;
160218;0000;6,15775;;;
160219;0000;7,70512;;;
160220;0000;9,38536;;;
160221;0000;8,29074;;;
160222;0000;11,7833;;;
160223;0000;15,9445;;;
160224;0000;10,4337;;;
160225;0000;9,82303;;;
160226;0000;10,9736;;;
160227;0000;16,0058;;;
160228;0000;16,7811;;;
160229;0000;18,8192;;;
160301;0000;15,3988;;;
160302;0000;15,9727;;;
160303;0000;7,31911;;;
160304;0000;7,58633;;;
160305;0000;10,4187;;;
160306;0000;7,9957;;;
160307;0000;10,7229;;;
160308;0000;11,6648;;;
160309;0000;20,7763;;;
160310;0000;13,8382;;;
160311;0000;13,5088;;;
160312;0000;25,9566;;;
160313;0000;15,4509;;;
160314;0000;16,7195;;;
160315;0000;13,3211;;;
160316;0000;21,5654;;;
160317;0000;17,8622;;;
160318;0000;13,2129;;;
160319;0000;14,2876;;;
160320;0000;8,84032;;;
160321;0000;9,99815;;;
160322;0000;8,30524;;;
160323;0000;19,3488;;;
160324;0000;25,135;;;
160325;0000;56,4791;;;
160326;0000;50,052;;;
160327;0000;21,4205;;;
160328;0000;19,3256;;;
160329;0000;47,5059;;;
160330;0000;20,476;;;
160331;0000;24,3938;;;
160401;0000;38,499;;;
160402;0000;18,4641;;;
160403;0000;22,3102;;;
160404;0000;29,6023;;;
160405;0000;83,8269;;;
160406;0000;34,957;;;
160407;0000;33,1393;;;
160408;0000;54,2953;;;
160409;0000;119,084;;;
160410;0000;116,582;;;
160411;0000;132,069;;;
160412;0000;131,343;;;
160413;0000;51,7433;;;
160414;0000;51,3851;;;
160415;0000;29,14;;;
160416;0000;30,6314;;;
160417;0000;63,1454;;;
160418;0000;42,6104;;;
160419;0000;30,6065;;;
160420;0000;28,5875;;;
160421;0000;40,3696;;;
160422;0000;96,9698;;;
160423;0000;78,8507;;;
160424;0000;116,776;;;
160425;0000;210,888;;;
160426;0000;291,315;;;
160427;0000;316,786;;;
160428;0000;80,547;;;
160429;0000;251,88;;;
160430;0000;161,357;;;
160501;0000;247,542;;;
160502;0000;294,143;;;
160503;0000;249,553;;;
160504;0000;247,105;;;
160505;0000;227,695;;;
160506;0000;233,515;;;
160507;0000;174,72;;;
160508;0000;47,6912;;;
160509;0000;41,7599;;;
160510;0000;38,8416;;;
160511;0000;67,4541;;;
160512;0000;148,968;;;
160513;0000;125,489;;;
160514;0000;;;;
160515;0000;68,7667;;;
160516;0000;75,2787;;;
160517;0000;127,617;;;
160518;0000;47,895;;;
160519;0000;247,731;;;
160520;0000;417,528;;;
160521;0000;412,595;;;
160522;0000;397,281;;;
160523;0000;351,375;;;
160524;0000;328,783;;;
160525;0000;25,1346;;;
160526;0000;;;;
160527;0000;130,223;;;
160528;0000;352,554;;;
160529;0000;280,267;;;
160530;0000;216,052;;;
160531;0000;100,51;;;
160601;0000;164,422;;;
160602;0000;270,765;;;
160603;0000;259,099;;;
160604;0000;124,65;;;
160605;0000;30,9566;;;
160606;0000;40,5058;;;
160607;0000;56,0441;;;
160608;0000;66,4641;;;
160609;0000;147,41;;;
160610;0000;118,677;;;
160611;0000;86,3804;;;
160612;0000;156,402;;;
160613;0000;57,9908;;;
160614;0000;52,7695;;;
160615;0000;66,4537;;;
160616;0000;44,9626;;;
160617;0000;102,028;;;
160618;0000;169,148;;;
160619;0000;345,712;;;
160620;0000;323,708;;;
160621;0000;98,0216;;;
160622;0000;194,335;;;
160623;0000;114,552;;;
160624;0000;48,7462;;;
160625;0000;36,6279;;;
160626;0000;92,3342;;;
160627;0000;247,293;;;
160628;0000;174,065;;;
160629;0000;32,0771;;;
160630;0000;110,532;;;
160701;0000;116,537;;;
160702;0000;321,572;;;
160703;0000;126,676;;;
160704;0000;26,4904;;;
160705;0000;39,9083;;;
160706;0000;35,0825;;;
160707;0000;47,4655;;;
160708;0000;46,9425;;;
160709;0000;59,5796;;;
160710;0000;107,076;;;
160711;0000;108,628;;;
160712;0000;87,5747;;;
160713;0000;79,6729;;;
160714;0000;40,4475;;;
160715;0000;77,2329;;;
160716;0000;81,7462;;;
160717;0000;129,351;;;
160718;0000;133,64;;;
160719;0000;254,654;;;
160720;0000;110,317;;;
160721;0000;88,5262;;;
160722;0000;72,1635;;;
160723;0000;105,394;;;
160724;0000;180,303;;;
160725;0000;122,149;;;
160726;0000;219,196;;;
160727;0000;99,547;;;
160728;0000;148,652;;;
160729;0000;156,353;;;
160730;0000;196,372;;;
160731;0000;193,06;;;
160801;0000;235,369;;;
160802;0000;218,75;;;
160803;0000;149,107;;;
160804;0000;73,6777;;;
160805;0000;49,3675;;;
160806;0000;66,62;;;
160807;0000;48,8533;;;
160808;0000;27,4858;;;
160809;0000;37,5643;;;
160810;0000;71,7938;;;
160811;0000;46,1028;;;
160812;0000;102,459;;;
160813;0000;55,2963;;;
160814;0000;95,8995;;;
160815;0000;115,851;;;
160816;0000;163,984;;;
160817;0000;85,8004;;;
160818;0000;65,0195;;;
160819;0000;141,39;;;
160820;0000;52,1367;;;
160821;0000;21,26;;;
160822;0000;51,9758;;;
160823;0000;45,4333;;;
160824;0000;114,155;;;
160825;0000;121,792;;;
160826;0000;54,8033;;;
160827;0000;81,5392;;;
160828;0000;70,6525;;;
160829;0000;68,8374;;;
160830;0000;46,8851;;;
160831;0000;33,8475;;;
160901;0000;53,2883;;;
160902;0000;155,965;;;
160903;0000;190,658;;;
160904;0000;169,922;;;
160905;0000;86,0599;;;
160906;0000;59,46;;;
160907;0000;64,6232;;;
160908;0000;51,2029;;;
160909;0000;63,9766;;;
160910;0000;78,8655;;;
160911;0000;101,29;;;
160912;0000;33,2792;;;
160913;0000;32,9487;;;
160914;0000;34,9916;;;
160915;0000;29,2905;;;
160916;0000;57,3804;;;
160917;0000;94,0021;;;
160918;0000;68,77;;;
160919;0000;57,5808;;;
160920;0000;25,1167;;;
160921;0000;30,0409;;;
160922;0000;39,676;;;
160923;0000;65,7982;;;
160924;0000;129,508;;;
160925;0000;53,8446;;;
160926;0000;33,8333;;;
160927;0000;71,0504;;;
160928;0000;62,2125;;;
160929;0000;46,389;;;
160930;0000;47,3911;;;
161001;0000;31,0139;;;
161002;0000;79,3937;;;
161003;0000;70,7946;;;
161004;0000;45,7806;;;
161005;0000;32,5396;;;
161006;0000;23,771;;;
161007;0000;42,9691;;;
161008;0000;36,4017;;;
161009;0000;16,2583;;;
161010;0000;17,5413;;;
161011;0000;25,7582;;;
161012;0000;29,6557;;;
161013;0000;15,6648;;;
161014;0000;35,0493;;;
161015;0000;48,0792;;;
161016;0000;44,9163;;;
161017;0000;25,666;;;
161018;0000;56,218;;;
161019;0000;47,8585;;;
161020;0000;14,7381;;;
161021;0000;27,7504;;;
161022;0000;36,2719;;;
161023;0000;38,0016;;;
161024;0000;19,6685;;;
161025;0000;17,0613;;;
161026;0000;16,2613;;;
161027;0000;16,144;;;
161028;0000;14,5285;;;
161029;0000;9,88142;;;
161030;0000;10,9012;;;
161031;0000;17,9734;;;
161101;0000;10,2268;;;
161102;0000;11,6938;;;
161103;0000;19,3687;;;
161104;0000;38,8835;;;
161105;0000;20,8942;;;
161106;0000;20,4941;;;
161107;0000;25,4065;;;
161108;0000;29,3818;;;
161109;0000;12,2475;;;
161110;0000;15,112;;;
161111;0000;15,0113;;;
161112;0000;11,4501;;;
161113;0000;17,9181;;;
161114;0000;23,0045;;;
161115;0000;33,664;;;
161116;0000;27,4267;;;
161117;0000;17,6877;;;
161118;0000;15,5615;;;
161119;0000;11,0742;;;
161120;0000;28,0459;;;
161121;0000;18,8731;;;
161122;0000;14,3299;;;
161123;0000;5,41391;;;
161124;0000;6,22342;;;
161125;0000;8,80458;;;
161126;0000;9,85083;;;
161127;0000;6,33016;;;
161128;0000;9,35733;;;
161129;0000;6,52692;;;
161130;0000;6,21616;;;
161201;0000;7,31996;;;
161202;0000;10,8795;;;
161203;0000;17,7292;;;
161204;0000;24,8012;;;
161205;0000;11,0362;;;
161206;0000;8,79088;;;
161207;0000;7,8605;;;
161208;0000;5,39662;;;
161209;0000;8,85463;;;
161210;0000;7,29874;;;
161211;0000;9,37921;;;
161212;0000;10,1122;;;
161213;0000;12,6535;;;
161214;0000;11,7574;;;
161215;0000;7,51737;;;
161216;0000;10,6936;;;
161217;0000;7,67075;;;
161218;0000;5,69296;;;
161219;0000;8,23462;;;
161220;0000;15,5596;;;
161221;0000;9,75008;;;
161222;0000;8,44713;;;
161223;0000;10,004;;;
161224;0000;24,0487;;;
161225;0000;16,41;;;
161226;0000;8,35278;;;
161227;0000;6,00958;;;
161228;0000;5,49481;;;
161229;0000;;;;
161230;0000;8,786;;;
161231;0000;13,1584;;;
170101;0000;18,5658;;;
170102;0000;19,0216;;;
170103;0000;11,7075;;;
170104;0000;16,3164;;;
170105;0000;14,3792;;;
170106;0000;26,7721;;;
170107;0000;;;6,96891;
170108;0000;;;2,01079;
170109;0000;;;2,05233;
170110;0000;;;5,39074;
170111;0000;11,7488;;;
170112;0000;20,4847;;;
170113;0000;10,8463;;;
170114;0000;9,69337;;;
170115;0000;7,29166;;;
170116;0000;16,1413;;;
170117;0000;10,047;;;
170118;0000;12,894;;;
170119;0000;7,57141;;;
170120;0000;5,986;;;
170121;0000;10,0406;;;
170122;0000;12,0271;;;
170123;0000;14,78;;;
170124;0000;9,37524;;;
170125;0000;6,59525;;;
170126;0000;5,43925;;;
170127;0000;8,89946;;;
170128;0000;10,6025;;;
170129;0000;8,94279;;;
170130;0000;12,7076;;;
170131;0000;15,231;;;
170201;0000;8,88896;;;
170202;0000;9,18515;;;
170203;0000;9,84805;;;
170204;0000;13,0919;;;
170205;0000;8,76329;;;
170206;0000;12,2083;;;
170207;0000;8,05875;;;
170208;0000;9,05621;;;
170209;0000;10,4159;;;
170210;0000;6,981;;;
170211;0000;7,47421;;;
170212;0000;11,2977;;;
170213;0000;7,77788;;;
170214;0000;9,4492;;;
170215;0000;6,722;;;
170216;0000;13,443;;;
170217;0000;14,3703;;;
170218;0000;20,1853;;;
170219;0000;18,9261;;;
170220;0000;18,747;;;
170221;0000;16,1692;;;
170222;0000;9,07286;;;
170223;0000;8,34924;;;
170224;0000;9,0405;;;
170225;0000;10,2658;;;
170226;0000;8,1347;;;
170227;0000;8,42992;;;
170228;0000;11,6402;;;
170301;0000;15,7308;;;
170302;0000;13,7151;;;
170303;0000;16,9238;;;
170304;0000;16,6253;;;
170305;0000;20,0259;;;
170306;0000;36,0949;;;
170307;0000;46,0358;;;
170308;0000;23,6517;;;
170309;0000;16,2812;;;
170310;0000;19,3031;;;
170311;0000;14,5654;;;
170312;0000;10,552;;;
170313;0000;18,3756;;;
170314;0000;16,3058;;;
170315;0000;19,6328;;;
170316;0000;27,2209;;;
170317;0000;22,1586;;;
170318;0000;19,1902;;;
170319;0000;9,88696;;;
170320;0000;16,181;;;
170321;0000;12,0742;;;
170322;0000;32,508;;;
170323;0000;21,3886;;;
170324;0000;22,2487;;;
170325;0000;51,9654;;;
170326;0000;58,7925;;;
170327;0000;39,6138;;;
170328;0000;79,7362;;;
170329;0000;50,79;;;
170330;0000;;;;
170331;0000;35,1492;;;
170401;0000;69,4873;;;
170402;0000;52,8642;;;
170403;0000;21,2615;;;
170404;0000;27,914;;;
170405;0000;26,3425;;;
170406;0000;56,1497;;;
170407;0000;;;;
170408;0000;;;;
170409;0000;32,8754;;;
170410;0000;31,3768;;;
170411;0000;63,4458;;;
170412;0000;186,141;;;
170413;0000;263,08;;;
170414;0000;153,356;;;
170415;0000;111,325;;;
170416;0000;216,535;;;
170417;0000;151,499;;;
170418;0000;46,475;;;
170419;0000;25,184;;;
170420;0000;30,9559;;;
170421;0000;28,5354;;;
170422;0000;36,0388;;;
170423;0000;32,8998;;;
170424;0000;59,0421;;;
170425;0000;43,4196;;;
170426;0000;41,9359;;;
170427;0000;37,6054;;;
170428;0000;19,0061;;;
170429;0000;31,9293;;;
170430;0000;15,3655;;;
170501;0000;51;;;
170502;0000;34;;;
170503;0000;73;;;
170504;0000;39;;;
170505;0000;141;;;
170506;0000;150;;;
170507;0000;82;;;
170508;0000;90;;;
170509;0000;177;;;
170510;0000;299;;;
170511;0000;200;;;
170512;0000;196;;;
170513;0000;139;;;
170514;0000;35;;;
170515;0000;77;;;
170516;0000;117;;;
170517;0000;87;;;
170518;0000;120;;;
170519;0000;54;;;
170520;0000;36;;;
170521;0000;34;;;
170522;0000;44;;;
170523;0000;49;;;
170524;0000;77;;;
170525;0000;51;;;
170526;0000;65;;;
170527;0000;35;;;
170528;0000;84;;;
170529;0000;188;;;
170530;0000;216;;;
170531;0000;118;;;
170601;0000;64;;;
170602;0000;83;;;
170603;0000;63;;;
170604;0000;69;;;
170605;0000;44;;;
170606;0000;37;;;
170607;0000;82;;;
170608;0000;29;;;
170609;0000;25;;;
170610;0000;44;;;
170611;0000;29;;;
170612;0000;63;;;
170613;0000;80;;;
170614;0000;122;;;
170615;0000;154;;;
170616;0000;168;;;
170617;0000;222;;;
170618;0000;68;;;
170619;0000;106;;;
170620;0000;176;;;
170621;0000;184;;;
170622;0000;113;;;
170623;0000;167;;;
170624;0000;136;;;
170625;0000;138;;;
170626;0000;122;;;
170627;0000;224;;;
170628;0000;106;;;
170629;0000;118;;;
170630;0000;247;;;
170701;0000;120;;;
170702;0000;245;;;
170703;0000;174;;;
170704;0000;155;;;
170705;0000;214;;;
170706;0000;46;;;
170707;0000;117;;;
170708;0000;155;;;
170709;0000;61;;;
170710;0000;58;;;
170711;0000;69;;;
170712;0000;107;;;
170713;0000;84;;;
170714;0000;207;;;
170715;0000;231;;;
170716;0000;54;;;
170717;0000;45;;;
170718;0000;34;;;
170719;0000;60;;;
170720;0000;67;;;
170721;0000;110;;;
170722;0000;112;;;
170723;0000;48;;;
170724;0000;39;;;
170725;0000;48;;;
170726;0000;101;;;
170727;0000;76;;;
170728;0000;49;;;
170729;0000;80;;;
170730;0000;137;;;
170731;0000;60;;;
170801;0000;30;;;
170802;0000;25;;;
170803;0000;51;;;
170804;0000;110;;;
170805;0000;132;;;
170806;0000;90;;;
170807;0000;83;;;
170808;0000;182;;;
170809;0000;197;;;
170810;0000;134;;;
170811;0000;90;;;
170812;0000;57;;;
170813;0000;49;;;
170814;0000;36;;;
170815;0000;34;;;
170816;0000;39;;;
170817;0000;96;;;
170818;0000;66;;;
170819;0000;51;;;
170820;0000;18;;;
170821;0000;89;;;
170822;0000;52;;;
170823;0000;113;;;
170824;0000;55;;;
170825;0000;76;;;
170826;0000;81;;;
170827;0000;114;;;
170828;0000;211;;;
170829;0000;56;;;
170830;0000;;;;
170831;0000;;;;
170901;0000;;;;
170902;0000;;;;
170903;0000;;;;
170904;0000;;;;
170905;0000;;;;
170906;0000;;;;
170907;0000;;;;
170908;0000;;;;
170909;0000;50;;;
170910;0000;34;;;
170911;0000;30;;;
170912;0000;19;;;
170913;0000;40;;;
170914;0000;26;;;
170915;0000;16;;;
170916;0000;16;;;
170917;0000;27;;;
170918;0000;36;;;
170919;0000;21;;;
170920;0000;16;;;
170921;0000;17;;;
170922;0000;28;;;
170923;0000;23;;;
170924;0000;28;;;
170925;0000;40;;;
170926;0000;47;;;
170927;0000;40;;;
170928;0000;67;;;
170929;0000;60;;;
170930;0000;27;;;
171001;0000;14;;;
171002;0000;31;;;
171003;0000;52;;;
171004;0000;30;;;
171005;0000;29;;;
171006;0000;15;;;
171007;0000;20;;;
171008;0000;46;;;
171009;0000;25;;;
171010;0000;59;;;
171011;0000;42;;;
171012;0000;27;;;
171013;0000;15;;;
171014;0000;11;;;
171015;0000;15;;;
171016;0000;17;;;
171017;0000;24;;;
171018;0000;23;;;
171019;0000;20;;;
171020;0000;34;;;
171021;0000;22;;;
171022;0000;28;;;
171023;0000;26;;;
171024;0000;22;;;
171025;0000;16;;;
171026;0000;16;;;
171027;0000;19;;;
171028;0000;17;;;
171029;0000;23;;;
171030;0000;17;;;
171031;0000;48;;;
171101;0000;18;;;
171102;0000;19;;;
171103;0000;28;;;
171104;0000;23;;;
171105;0000;27;;;
171106;0000;18;;;
171107;0000;23;;;
171108;0000;29;;;
171109;0000;18;;;
171110;0000;20;;;
171111;0000;22;;;
171112;0000;15;;;
171113;0000;15;;;
171114;0000;14;;;
171115;0000;12;;;
171116;0000;12;;;
171117;0000;14;;;
171118;0000;15;;;
171119;0000;17;;;
171120;0000;16;;;
171121;0000;20;;;
171122;0000;13;;;
171123;0000;15;;;
171124;0000;12;;;
171125;0000;11;;;
171126;0000;19;;;
171127;0000;13;;;
171128;0000;8;;;
171129;0000;12;;;
171130;0000;18;;;
171201;0000;15;;;
171202;0000;13;;;
171203;0000;9;;;
171204;0000;8;;;
171205;0000;6;;;
171206;0000;7;;;
171207;0000;10;;;
171208;0000;9;;;
171209;0000;9;;;
171210;0000;7;;;
171211;0000;7;;;
171212;0000;5;;;
171213;0000;8;;;
171214;0000;10;;;
171215;0000;15;;;
171216;0000;13;;;
171217;0000;10;;;
171218;0000;11;;;
171219;0000;11;;;
171220;0000;13;;;
171221;0000;24;;;
171222;0000;18;;;
171223;0000;12;;;
171224;0000;10;;;
171225;0000;;;;
171226;0000;8;;;
171227;0000;15;;;
171228;0000;9;;;
171229;0000;11;;;
171230;0000;11;;;
171231;0000;13;;;
180101;0000;12;;;
180102;0000;9;;;
180103;0000;12;;;
180104;0000;14;;;
180105;0000;10;;;
180106;0000;10;;;
180107;0000;7;;;
180108;0000;6;;;
180109;0000;6;;;
180110;0000;7;;;
180111;0000;5;;;
180112;0000;9;;;
180113;0000;10;;;
180114;0000;7;;;
180115;0000;9;;;
180116;0000;7;;;
180117;0000;8;;;
180118;0000;7;;;
180119;0000;;;6;
180120;0000;;;3;
180121;0000;;;2;
180122;0000;;;3;
180123;0000;10;;;
180124;0000;9;;;
180125;0000;7;;;
180126;0000;6;;;
180127;0000;6;;;
180128;0000;6;;;
180129;0000;5;;;
180130;0000;9;;;
180131;0000;7;;;
180201;0000;5;;;
180202;0000;4;;;
180203;0000;7;;;
180204;0000;4;;;
180205;0000;5;;;
180206;0000;8;;;
180207;0000;8;;;
180208;0000;14;;;
180209;0000;16;;;
180210;0000;16;;;
180211;0000;16;;;
180212;0000;5;;;
180213;0000;4;;;
180214;0000;8;;;
180215;0000;4;;;
180216;0000;5;;;
180217;0000;6;;;
180218;0000;7;;;
180219;0000;11;;;
180220;0000;10;;;
180221;0000;13;;;
180222;0000;8;;;
180223;0000;11;;;
180224;0000;7;;;
180225;0000;4;;;
180226;0000;6;;;
180227;0000;8;;;
180228;0000;4;;;
180301;0000;5;;;
180302;0000;6;;;
180303;0000;16;;;
180304;0000;19;;;
180305;0000;7;;;
180306;0000;7;;;
180307;0000;12;;;
180308;0000;10;;;
180309;0000;17;;;
180310;0000;13;;;
180311;0000;13;;;
180312;0000;16;;;
180313;0000;19;;;
180314;0000;21;;;
180315;0000;20;;;
180316;0000;32;;;
180317;0000;28;;;
180318;0000;11;;;
180319;0000;30;;;
180320;0000;95;;;
180321;0000;71;;;
180322;0000;20;;;
180323;0000;34;;;
180324;0000;34;;;
180325;0000;16;;;
180326;0000;22;;;
180327;0000;25;;;
180328;0000;20;;;
180329;0000;20;;;
180330;0000;12;;;
180331;0000;18;;;
180401;0000;13;;;
180402;0000;17;;;
180403;0000;35;;;
180404;0000;28;;;
180405;0000;26;;;
180406;0000;39;;;
180407;0000;41;;;
180408;0000;54;;;
180409;0000;59;;;
180410;0000;30;;;
180411;0000;35;;;
180412;0000;41;;;
180413;0000;67;;;
180414;0000;30;;;
180415;0000;30;;;
180416;0000;28;;;
180417;0000;15;;;
180418;0000;18;;;
180419;0000;33;;;
180420;0000;29;;;
180421;0000;31;;;
180422;0000;27;;;
180423;0000;25;;;
180424;0000;38;;;
180425;0000;86;;;
180426;0000;39;;;
180427;0000;45;;;
180428;0000;43;;;
180429;0000;49;;;
180430;0000;122;;;
180501;0000;62;;;
180502;0000;77;;;
180503;0000;27;;;
180504;0000;76;;;
180505;0000;139;;;
180506;0000;217;;;
180507;0000;151;;;
180508;0000;26;;;
180509;0000;26;;;
180510;0000;;;;
180511;0000;52;;;
180512;0000;109;;;
180513;0000;95;;;
180514;0000;61;;;
180515;0000;105;;;
180516;0000;69;;;
180517;0000;97;;;
180518;0000;120;;;
180519;0000;56;;;
180520;0000;36;;;
180521;0000;19;;;
180522;0000;32;;;
180523;0000;36;;;
180524;0000;38;;;
180525;0000;78;;;
180526;0000;27;;;
180527;0000;110;;;
180528;0000;48;;;
180529;0000;57;;;
180530;0000;47;;;
180531;0000;36;;;
180601;0000;211;;;
180602;0000;405;;;
180603;0000;321;;;
180604;0000;169;;;
180605;0000;127;;;
180606;0000;93;;;
180607;0000;137;;;
180608;0000;67;;;
180609;0000;172;;;
180610;0000;306;;;
180611;0000;210;;;
180612;0000;350;;;
180613;0000;261;;;
180614;0000;239;;;
180615;0000;90;;;
180616;0000;76;;;
180617;0000;107;;;
180618;0000;85;;;
180619;0000;38;;;
180620;0000;52;;;
180621;0000;39;;;
180622;0000;68;;;
180623;0000;84;;;
180624;0000;36;;;
180625;0000;63;;;
180626;0000;57;;;
180627;0000;66;;;
180628;0000;59;;;
180629;0000;53;;;
180630;0000;100;;;
180701;0000;91;;;
180702;0000;207;;;
180703;0000;370;;;
180704;0000;224;;;
180705;0000;126;;;
180706;0000;205;;;
180707;0000;286;;;
180708;0000;264;;;
180709;0000;373;;;
180710;0000;119;;;
180711;0000;83;;;
180712;0000;60;;;
180713;0000;78;;;
180714;0000;78;;;
180715;0000;96;;;
180716;0000;58;;;
180717;0000;110;;;
180718;0000;45;;;
180719;0000;53;;;
180720;0000;89;;;
180721;0000;65;;;
180722;0000;53;;;
180723;0000;37;;;
180724;0000;94;;;
180725;0000;111;;;
180726;0000;370;;;
180727;0000;116;;;
180728;0000;37;;;
180729;0000;29;;;
180730;0000;41;;;
180731;0000;23;;;
180801;0000;84;;;
180802;0000;206;;;
180803;0000;34;;;
180804;0000;51;;;
180805;0000;38;;;
180806;0000;90;;;
180807;0000;76;;;
180808;0000;147;;;
180809;0000;132;;;
180810;0000;133;;;
180811;0000;217;;;
180812;0000;177;;;
180813;0000;83;;;
180814;0000;29;;;
180815;0000;26;;;
180816;0000;31;;;
180817;0000;48;;;
180818;0000;51;;;
180819;0000;43;;;
180820;0000;107;;;
180821;0000;93;;;
180822;0000;99;;;
180823;0000;32;;;
180824;0000;48;;;
180825;0000;46;;;
180826;0000;26;;;
180827;0000;25;;;
180828;0000;55;;;
180829;0000;60;;;
180830;0000;134;;;
180831;0000;218;;;
180901;0000;75;;;
180902;0000;30;;;
180903;0000;70;;;
180904;0000;;;;
180905;0000;91;;;
180906;0000;26;;;
180907;0000;27;;;
180908;0000;30;;;
180909;0000;60;;;
180910;0000;55;;;
180911;0000;24;;;
180912;0000;18;;;
180913;0000;15;;;
180914;0000;19;;;
180915;0000;26;;;
180916;0000;37;;;
180917;0000;27;;;
180918;0000;31;;;
180919;0000;33;;;
180920;0000;43;;;
180921;0000;30;;;
180922;0000;35;;;
180923;0000;26;;;
180924;0000;55;;;
180925;0000;55;;;
180926;0000;35;;;
180927;0000;57;;;
180928;0000;35;;;
180929;0000;43;;;
180930;0000;33;;;
181001;0000;25;;;
181002;0000;21;;;
181003;0000;37;;;
181004;0000;23;;;
181005;0000;60;;;
181006;0000;25;;;
181007;0000;29;;;
181008;0000;27;;;
181009;0000;28;;;
181010;0000;26;;;
181011;0000;23;;;
181012;0000;17;;;
181013;0000;11;;;
181014;0000;13;;;
181015;0000;20;;;
181016;0000;86;;;
181017;0000;53;;;
181018;0000;19;;;
181019;0000;21;;;
181020;0000;40;;;
181021;0000;22;;;
181022;0000;40;;;
181023;0000;83;;;
181024;0000;47;;;
181025;0000;21;;;
181026;0000;18;;;
181027;0000;17;;;
181028;0000;14;;;
181029;0000;9;;;
181030;0000;25;;;
181031;0000;42;;;
181101;0000;28;;;
181102;0000;20;;;
181103;0000;15;;;
181104;0000;15;;;
181105;0000;31;;;
181106;0000;30;;;
181107;0000;22;;;
181108;0000;18;;;
181109;0000;32;;;
181110;0000;29;;;
181111;0000;16;;;
181112;0000;10;;;
181113;0000;9;;;
181114;0000;12;;;
181115;0000;12;;;
181116;0000;11;;;
181117;0000;9;;;
181118;0000;;;;
181119;0000;;;;
181120;0000;22;;;
181121;0000;32;;;
181122;0000;13;;;
181123;0000;10;;;
181124;0000;11;;;
181125;0000;17;;;
181126;0000;13;;;
181127;0000;9;;;
181128;0000;7;;;
181129;0000;8;;;
181130;0000;11;;;
181201;0000;13;;;
181202;0000;8;;;
181203;0000;9;;;
181204;0000;7;;;
181205;0000;14;;;
181206;0000;7;;;
181207;0000;6;;;
181208;0000;5;;;
181209;0000;4;;;
181210;0000;7;;;
181211;0000;7;;;
181212;0000;7;;;
181213;0000;10;;;
181214;0000;9;;;
181215;0000;6;;;
181216;0000;8;;;
181217;0000;11;;;
181218;0000;7;;;
181219;0000;6;;;
181220;0000;5;;;
181221;0000;6;;;
181222;0000;8;;;
181223;0000;7;;;
181224;0000;9;;;
181225;0000;9;;;
181226;0000;7;;;
181227;0000;5;;;
181228;0000;6;;;
181229;0000;10;;;
181230;0000;6;;;
181231;0000;13;;;
190101;0000;16;;;
190102;0000;11;;;
190103;0000;5;;;
190104;0000;6;;;
190105;0000;7;;;
190106;0000;8;;;
190107;0000;16;;;
190108;0000;14;;;
190109;0000;15;;;
190110;0000;13;;;
190111;0000;12;;;
190112;0000;15;;;
190113;0000;12;;;
190114;0000;5;;;
190115;0000;11;;;
190116;0000;15;;;
190117;0000;8;;;
190118;0000;5;;;
190119;0000;5;;;
190120;0000;5;;;
190121;0000;13;;;
190122;0000;;;5;
190123;0000;;;2;
190124;0000;;;3;
190125;0000;;;10;
190126;0000;12;;;
190127;0000;6;;;
190128;0000;3;;;
190129;0000;9;;;
190130;0000;9;;;
190131;0000;8;;;
190201;0000;9;;;
190202;0000;15;;;
190203;0000;15;;;
190204;0000;15;;;
190205;0000;11;;;
190206;0000;13;;;
190207;0000;12;;;
190208;0000;11;;;
190209;0000;9;;;
190210;0000;14;;;
190211;0000;14;;;
190212;0000;14;;;
190213;0000;11;;;
190214;0000;8;;;
190215;0000;8;;;
190216;0000;11;;;
190217;0000;9;;;
190218;0000;10;;;
190219;0000;11;;;
190220;0000;15;;;
190221;0000;19;;;
190222;0000;25;;;
190223;0000;11;;;
190224;0000;24;;;
190225;0000;30;;;
190226;0000;20;;;
190227;0000;18;;;
190228;0000;25;;;
190301;0000;17;;;
190302;0000;;;;
190303;0000;18;;;
190304;0000;16;;;
190305;0000;21;;;
190306;0000;23;;;
190307;0000;25;;;
190308;0000;16;;;
190309;0000;17;;;
190310;0000;20;;;
190311;0000;11;;;
190312;0000;20;;;
190313;0000;26;;;
190314;0000;23;;;
190315;0000;27;;;
190316;0000;17;;;
190317;0000;12;;;
190318;0000;22;;;
190319;0000;44;;;
190320;0000;23;;;
190321;0000;25;;;
190322;0000;16;;;
190323;0000;15;;;
190324;0000;16;;;
190325;0000;46;;;
190326;0000;58;;;
190327;0000;38;;;
190328;0000;27;;;
190329;0000;17;;;
190330;0000;28;;;
190331;0000;13;;;
190401;0000;17;;;
190402;0000;11;;;
190403;0000;15;;;
190404;0000;14;;;
190405;0000;14;;;
190406;0000;17;;;
190407;0000;24;;;
190408;0000;17;;;
190409;0000;26;;;
190410;0000;18;;;
190411;0000;13;;;
190412;0000;26;;;
190413;0000;26;;;
190414;0000;20;;;
190415;0000;16;;;
190416;0000;44;;;
190417;0000;26;;;
190418;0000;27;;;
190419;0000;31;;;
190420;0000;17;;;
190421;0000;49;;;
190422;0000;47;;;
190423;0000;90;;;
190424;0000;191;;;
190425;0000;204;;;
190426;0000;72;;;
190427;0000;64;;;
190428;0000;29;;;
190429;0000;25;;;
190430;0000;29;;;
190501;0000;54;;;
190502;0000;46;;;
190503;0000;101;;;
190504;0000;63;;;
190505;0000;24;;;
190506;0000;44;;;
190507;0000;65;;;
190508;0000;132;;;
190509;0000;51;;;
190510;0000;30;;;
190511;0000;15;;;
190512;0000;23;;;
190513;0000;57;;;
190514;0000;81;;;
190515;0000;;;55;
190516;0000;;;;
190517;0000;;15;;
190518;0000;;9;;
190519;0000;;12;;
190520;0000;;11;;
190521;0000;;7;;
190522;0000;;8;;
190523;0000;;;7;
190524;0000;;;;
190525;0000;38;;;
190526;0000;54;;;
190527;0000;96;;;
190528;0000;140;;;
190529;0000;135;;;
190530;0000;98;;;
190531;0000;126;;;
190601;0000;159;;;
190602;0000;102;;;
190603;0000;151;;;
190604;0000;113;;;
190605;0000;87;;;
190606;0000;38;;;
190607;0000;26;;;
190608;0000;63;;;
190609;0000;48;;;
190610;0000;56;;;
190611;0000;61;;;
190612;0000;123;;;
190613;0000;71;;;
190614;0000;82;;;
190615;0000;82;;;
190616;0000;80;;;
190617;0000;109;;;
190618;0000;88;;;
190619;0000;72;;;
190620;0000;164;;;
190621;0000;83;;;
190622;0000;47;;;
190623;0000;53;;;
190624;0000;43;;;
190625;0000;42;;;
190626;0000;54;;;
190627;0000;132;;;
190628;0000;138;;;
190629;0000;91;;;
190630;0000;75;;;
190701;0000;55;;;
190702;0000;81;;;
190703;0000;111;;;
190704;0000;182;;;
190705;0000;33;;;
190706;0000;138;;;
190707;0000;259;;;
190708;0000;164;;;
190709;0000;216;;;
190710;0000;142;;;
190711;0000;199;;;
190712;0000;214;;;
190713;0000;175;;;
190714;0000;95;;;
190715;0000;53;;;
190716;0000;106;;;
190717;0000;108;;;
190718;0000;54;;;
190719;0000;49;;;
190720;0000;79;;;
190721;0000;64;;;
190722;0000;44;;;
190723;0000;47;;;
190724;0000;43;;;
190725;0000;85;;;
190726;0000;35;;;
190727;0000;70;;;
190728;0000;126;;;
190729;0000;156;;;
190730;0000;66;;;
190731;0000;69;;;
190801;0000;45;;;
190802;0000;31;;;
190803;0000;24;;;
190804;0000;38;;;
190805;0000;82;;;
190806;0000;27;;;
190807;0000;62;;;
190808;0000;62;;;
190809;0000;24;;;
190810;0000;80;;;
190811;0000;44;;;
190812;0000;51;;;
190813;0000;118;;;
190814;0000;102;;;
190815;0000;78;;;
190816;0000;78;;;
190817;0000;51;;;
190818;0000;118;;;
190819;0000;158;;;
190820;0000;29;;;
190821;0000;45;;;
190822;0000;94;;;
190823;0000;92;;;
190824;0000;66;;;
190825;0000;74;;;
190826;0000;34;;;
190827;0000;77;;;
190828;0000;44;;;
190829;0000;30;;;
190830;0000;28;;;
190831;0000;61;;;
190901;0000;46;;;
190902;0000;75;;;
190903;0000;39;;;
190904;0000;46;;;
190905;0000;60;;;
190906;0000;128;;;
190907;0000;76;;;
190908;0000;36;;;
190909;0000;103;;;
190910;0000;99;;;
190911;0000;29;;;
190912;0000;35;;;
190913;0000;53;;;
190914;0000;26;;;
190915;0000;30;;;
190916;0000;15;;;
190917;0000;14;;;
190918;0000;27;;;
190919;0000;17;;;
190920;0000;19;;;
190921;0000;23;;;
190922;0000;22;;;
190923;0000;14;;;
190924;0000;14;;;
190925;0000;23;;;
190926;0000;79;;;
190927;0000;56;;;
190928;0000;23;;;
190929;0000;21;;;
190930;0000;27;;;
191001;0000;36;;;
191002;0000;50;;;
191003;0000;32;;;
191004;0000;18;;;
191005;0000;23;;;
191006;0000;27;;;
191007;0000;16;;;
191008;0000;15;;;
191009;0000;15;;;
191010;0000;38;;;
191011;0000;26;;;
191012;0000;17;;;
191013;0000;20;;;
191014;0000;33;;;
191015;0000;24;;;
191016;0000;27;;;
191017;0000;13;;;
191018;0000;16;;;
191019;0000;14;;;
191020;0000;18;;;
191021;0000;26;;;
191022;0000;24;;;
191023;0000;30;;;
191024;0000;20;;;
191025;0000;17;;;
191026;0000;13;;;
191027;0000;28;;;
191028;0000;46;;;
191029;0000;19;;;
191030;0000;20;;;
191031;0000;23;;;
191101;0000;15;;;
191102;0000;8;;;
191103;0000;13;;;
191104;0000;15;;;
191105;0000;10;;;
191106;0000;14;;;
191107;0000;15;;;
191108;0000;19;;;
191109;0000;12;;;
191110;0000;11;;;
191111;0000;13;;;
191112;0000;7;;;
191113;0000;8;;;
191114;0000;11;;;
191115;0000;11;;;
191116;0000;14;;;
191117;0000;16;;;
191118;0000;11;;;
191119;0000;16;;;
191120;0000;17;;;
191121;0000;15;;;
191122;0000;23;;;
191123;0000;24;;;
191124;0000;9;;;
191125;0000;16;;;
191126;0000;15;;;
191127;0000;13;;;
191128;0000;14;;;
191129;0000;13;;;
191130;0000;17;;;
191201;0000;15;;;
191202;0000;13;;;
191203;0000;14;;;
191204;0000;10;;;
191205;0000;12;;;
191206;0000;16;;;
191207;0000;9;;;
191208;0000;6;;;
191209;0000;7;;;
191210;0000;14;;;
191211;0000;13;;;
191212;0000;12;;;
191213;0000;10;;;
191214;0000;10;;;
191215;0000;9;;;
191216;0000;11;;;
191217;0000;12;;;
191218;0000;14;;;
191219;0000;13;;;
191220;0000;12;;;
191221;0000;9;;;
191222;0000;16;;;
191223;0000;13;;;
191224;0000;15;;;
191225;0000;9;;;
191226;0000;15;;;
191227;0000;8;;;
191228;0000;15;;;
191229;0000;13;;;
191230;0000;9;;;
191231;0000;21;;;
200101;0000;14;;;
200102;0000;6;;;
200103;0000;5;;;
200104;0000;7;;;
200105;0000;8;;;
200106;0000;10;;;
200107;0000;14;;;
200108;0000;16;;;
200109;0000;14;;;
200110;0000;10;;;
200111;0000;8;;;
200112;0000;5;;;
200113;0000;7;;;
200114;0000;11;;;
200115;0000;9;;;
200116;0000;9;;;
200117;0000;6;;;
200118;0000;7;;;
200119;0000;5;;;
200120;0000;5;;;
200121;0000;;;4;
200122;0000;;;;
200123;0000;;;;
200124;0000;;;7;
200125;0000;5;;;
200126;0000;6;;;
200127;0000;7;;;
200128;0000;10;;;
200129;0000;10;;;
200130;0000;5;;;
200131;0000;5;;;
200201;0000;10;;;
200202;0000;10;;;
200203;0000;13;;;
200204;0000;15;;;
200205;0000;23;;;
200206;0000;28;;;
200207;0000;27;;;
200208;0000;22;;;
200209;0000;13;;;
200210;0000;7;;;
200211;0000;6;;;
200212;0000;7;;;
200213;0000;9;;;
200214;0000;9;;;
200215;0000;11;;;
200216;0000;9;;;
200217;0000;11;;;
200218;0000;12;;;
200219;0000;12;;;
200220;0000;16;;;
200221;0000;26;;;
200222;0000;17;;;
200223;0000;5;;;
200224;0000;8;;;
200225;0000;9;;;
200226;0000;10;;;
200227;0000;7;;;
200228;0000;10;;;
200229;0000;7;;;
200301;0000;4;;;
200302;0000;5;;;
200303;0000;13;;;
200304;0000;9;;;
200305;0000;12;;;
200306;0000;11;;;
200307;0000;9;;;
200308;0000;9;;;
200309;0000;21;;;
200310;0000;;;;
200311;0000;10;;;
200312;0000;32;;;
200313;0000;16;;;
200314;0000;12;;;
200315;0000;12;;;
200316;0000;11;;;
200317;0000;18;;;
200318;0000;9;;;
200319;0000;12;;;
200320;0000;10;;;
200321;0000;16;;;
200322;0000;18;;;
200323;0000;14;;;
200324;0000;19;;;
200325;0000;23;;;
200326;0000;13;;;
200327;0000;14;;;
200328;0000;27;;;
200329;0000;36;;;
200330;0000;50;;;
200331;0000;28;;;
200401;0000;27;;;
200402;0000;31;;;
200403;0000;17;;;
200404;0000;12;;;
200405;0000;31;;;
200406;0000;38;;;
200407;0000;47;;;
200408;0000;78;;;
200409;0000;31;;;
200410;0000;23;;;
200411;0000;17;;;
200412;0000;25;;;
200413;0000;41;;;
200414;0000;40;;;
200415;0000;53;;;
200416;0000;36;;;
200417;0000;31;;;
200418;0000;44;;;
200419;0000;26;;;
200420;0000;40;;;
200421;0000;58;;;
200422;0000;149;;;
200423;0000;92;;;
200424;0000;61;;;
200425;0000;46;;;
200426;0000;83;;;
200427;0000;86;;;
200428;0000;74;;;
200429;0000;43;;;
200430;0000;62;;;
200501;0000;105;;;
200502;0000;97;;;
200503;0000;87;;;
200504;0000;94;;;
200505;0000;81;;;
200506;0000;44;;;
200507;0000;40;;;
200508;0000;75;;;
200509;0000;38;;;
200510;0000;45;;;
200511;0000;21;;;
200512;0000;88;;;
200513;0000;60;;;
200514;0000;62;;;
200515;0000;35;;;
200516;0000;34;;;
200517;0000;58;;;
200518;0000;32;;;
200519;0000;136;;;
200520;0000;119;;;
200521;0000;125;;;
200522;0000;68;;;
200523;0000;58;;;
200524;0000;44;;;
200525;0000;82;;;
200526;0000;55;;;
200527;0000;44;;;
200528;0000;105;;;
200529;0000;81;;;
200530;0000;55;;;
200531;0000;81;;;
200601;0000;43;;;
200602;0000;63;;;
200603;0000;44;;;
200604;0000;27;;;
200605;0000;77;;;
200606;0000;65;;;
200607;0000;55;;;
200608;0000;30;;;
200609;0000;36;;;
200610;0000;41;;;
200611;0000;74;;;
200612;0000;85;;;
200613;0000;96;;;
200614;0000;166;;;
200615;0000;275;;;
200616;0000;232;;;
200617;0000;151;;;
200618;0000;79;;;
200619;0000;38;;;
200620;0000;58;;;
200621;0000;71;;;
200622;0000;97;;;
200623;0000;182;;;
200624;0000;110;;;
200625;0000;89;;;
200626;0000;56;;;
200627;0000;35;;;
200628;0000;27;;;
200629;0000;59;;;
200630;0000;109;;;
200701;0000;95;;;
200702;0000;153;;;
200703;0000;159;;;
200704;0000;143;;;
200705;0000;110;;;
200706;0000;237;;;
200707;0000;175;;;
200708;0000;56;;;
200709;0000;94;;;
200710;0000;54;;;
200711;0000;64;;;
200712;0000;59;;;
200713;0000;63;;;
200714;0000;118;;;
200715;0000;107;;;
200716;0000;102;;;
200717;0000;212;;;
200718;0000;168;;;
200719;0000;200;;;
200720;0000;94;;;
200721;0000;31;;;
200722;0000;48;;;
200723;0000;114;;;
200724;0000;55;;;
200725;0000;110;;;
200726;0000;71;;;
200727;0000;84;;;
200728;0000;68;;;
200729;0000;89;;;
200730;0000;179;;;
200731;0000;183;;;
200801;0000;68;;;
200802;0000;87;;;
200803;0000;53;;;
200804;0000;75;;;
200805;0000;100;;;
200806;0000;46;;;
200807;0000;76;;;
200808;0000;70;;;
200809;0000;61;;;
200810;0000;31;;;
200811;0000;25;;;
200812;0000;19;;;
200813;0000;37;;;
200814;0000;37;;;
200815;0000;17;;;
200816;0000;18;;;
200817;0000;27;;;
200818;0000;85;;;
200819;0000;46;;;
200820;0000;20;;;
200821;0000;23;;;
200822;0000;22;;;
200823;0000;28;;;
200824;0000;48;;;
200825;0000;57;;;
200826;0000;45;;;
200827;0000;33;;;
200828;0000;33;;;
200829;0000;18;;;
200830;0000;27;;;
200831;0000;98;;;
200901;0000;129;;;
200902;0000;59;;;
200903;0000;26;;;
200904;0000;42;;;
200905;0000;45;;;
200906;0000;60;;;
200907;0000;69;;;
200908;0000;30;;;
200909;0000;38;;;
200910;0000;31;;;
200911;0000;24;;;
200912;0000;27;;;
200913;0000;20;;;
200914;0000;12;;;
200915;0000;37;;;
200916;0000;34;;;
200917;0000;17;;;
200918;0000;23;;;
200919;0000;29;;;
200920;0000;75;;;
200921;0000;36;;;
200922;0000;18;;;
200923;0000;23;;;
200924;0000;16;;;
200925;0000;15;;;
200926;0000;17;;;
200927;0000;15;;;
200928;0000;16;;;
200929;0000;26;;;
200930;0000;14;;;
201001;0000;28;;;
201002;0000;38;;;
201003;0000;52;;;
201004;0000;18;;;
201005;0000;14;;;
201006;0000;18;;;
201007;0000;13;;;
201008;0000;14;;;
201009;0000;14;;;
201010;0000;13;;;
201011;0000;15;;;
201012;0000;10;;;
201013;0000;12;;;
201014;0000;19;;;
201015;0000;17;;;
201016;0000;13;;;
201017;0000;13;;;
201018;0000;14;;;
201019;0000;19;;;
201020;0000;23;;;
201021;0000;22;;;
201022;0000;37;;;
201023;0000;26;;;
201024;0000;15;;;
201025;0000;11;;;
201026;0000;13;;;
201027;0000;17;;;
201028;0000;19;;;
201029;0000;17;;;
201030;0000;10;;;
201031;0000;16;;;
201101;0000;10;;;
201102;0000;14;;;
201103;0000;8;;;
201104;0000;11;;;
201105;0000;11;;;
201106;0000;10;;;
201107;0000;10;;;
201108;0000;8;;;
201109;0000;8;;;
201110;0000;9;;;
201111;0000;9;;;
201112;0000;8;;;
201113;0000;8;;;
201114;0000;8;;;
201115;0000;10;;;
201116;0000;7;;;
201117;0000;7;;;
201118;0000;9;;;
201119;0000;8;;;
201120;0000;7;;;
201121;0000;11;;;
201122;0000;10;;;
201123;0000;12;;;
201124;0000;11;;;
201125;0000;13;;;
201126;0000;11;;;
201127;0000;12;;;
201128;0000;12;;;
201129;0000;9;;;
201130;0000;8;;;
201201;0000;8;;;
201202;0000;9;;;
201203;0000;13;;;
201204;0000;9;;;
201205;0000;7;;;
201206;0000;4;;;
201207;0000;5;;;
201208;0000;7;;;
201209;0000;9;;;
201210;0000;9;;;
201211;0000;10;;;
201212;0000;10;;;
201213;0000;12;;;
201214;0000;11;;;
201215;0000;11;;;
201216;0000;10;;;
201217;0000;7;;;
201218;0000;8;;;
201219;0000;9;;;
201220;0000;5;;;
201221;0000;10;;;
201222;0000;10;;;
201223;0000;9;;;
201224;0000;12;;;
201225;0000;12;;;
201226;0000;5;;;
201227;0000;4;;;
201228;0000;7;;;
201229;0000;13;;;
201230;0000;9;;;
201231;0000;14;;;
210101;0000;9;;;
210102;0000;9;;;
210103;0000;9;;;
210104;0000;9;;;
210105;0000;6;;;
210106;0000;6;;;
210107;0000;8;;;
210108;0000;6;;;
210109;0000;12;;;
210110;0000;16;;;
210111;0000;11;;;
210112;0000;11;;;
210113;0000;10;;;
210114;0000;8;;;
210115;0000;14;;;
210116;0000;9;;;
210117;0000;5;;;
210118;0000;8;;;
210119;0000;4;;;
210120;0000;6;;;
210121;0000;5;;;
210122;0000;;;5;
210123;0000;;;5;
210124;0000;;;5;
210125;0000;;;6;
210126;0000;9;;;
210127;0000;11;;;
210128;0000;10;;;
210129;0000;9;;;
210130;0000;18;;;
210131;0000;9;;;
210201;0000;4;;;
210202;0000;5;;;
210203;0000;6;;;
210204;0000;6;;;
210205;0000;6;;;
210206;0000;14;;;
210207;0000;9;;;
210208;0000;8;;;
210209;0000;8;;;
210210;0000;9;;;
210211;0000;6;;;
210212;0000;8;;;
210213;0000;5;;;
210214;0000;7;;;
210215;0000;9;;;
210216;0000;4;;;
210217;0000;6;;;
210218;0000;10;;;
210219;0000;11;;;
210220;0000;7;;;
210221;0000;9;;;
210222;0000;8;;;
210223;0000;6;;;
210224;0000;5;;;
210225;0000;4;;;
210226;0000;7;;;
210227;0000;6;;;
210228;0000;8;;;
210301;0000;5;;;
210302;0000;11;;;
210303;0000;11;;;
210304;0000;11;;;
210305;0000;7;;;
210306;0000;4;;;
210307;0000;10;;;
210308;0000;13;;;
210309;0000;22;;;
210310;0000;16;;;
210311;0000;11;;;
210312;0000;9;;;
210313;0000;10;;;
210314;0000;20;;;
210315;0000;9;;;
210316;0000;20;;;
210317;0000;50;;;
210318;0000;29;;;
210319;0000;12;;;
210320;0000;11;;;
210321;0000;12;;;
210322;0000;11;;;
210323;0000;12;;;
210324;0000;19;;;
210325;0000;21;;;
210326;0000;14;;;
210327;0000;11;;;
210328;0000;12;;;
210329;0000;15;;;
210330;0000;7;;;
210331;0000;15;;;
210401;0000;23;;;
210402;0000;18;;;
210403;0000;13;;;
210404;0000;21;;;
210405;0000;16;;;
210406;0000;17;;;
210407;0000;21;;;
210408;0000;23;;;
210409;0000;43;;;
210410;0000;24;;;
210411;0000;18;;;
210412;0000;17;;;
210413;0000;21;;;
210414;0000;13;;;
210415;0000;10;;;
210416;0000;15;;;
210417;0000;48;;;
210418;0000;53;;;
210419;0000;31;;;
210420;0000;42;;;
210421;0000;44;;;
210422;0000;58;;;
210423;0000;36;;;
210424;0000;50;;;
210425;0000;28;;;
210426;0000;22;;;
210427;0000;25;;;
210428;0000;25;;;
210429;0000;36;;;
210430;0000;42;;;
210501;0000;47;;;
210502;0000;18;;;
210503;0000;48;;;
210504;0000;59;;;
210505;0000;137;;;
210506;0000;278;;;
210507;0000;242;;;
210508;0000;42;;;
210509;0000;36;;;
210510;0000;80;;;
210511;0000;60;;;
210512;0000;25;;;
210513;0000;57;;;
210514;0000;116;;;
210515;0000;77;;;
210516;0000;129;;;
210517;0000;127;;;
210518;0000;238;;;
210519;0000;182;;;
210520;0000;128;;;
210521;0000;110;;;
210522;0000;51;;;
210523;0000;42;;;
210524;0000;22;;;
210525;0000;;;;
210526;0000;47;;;
210527;0000;55;;;
210528;0000;51;;;
210529;0000;35;;;
210530;0000;60;;;
210531;0000;40;;;
210601;0000;26;;;
210602;0000;51;;;
210603;0000;41;;;
210604;0000;30;;;
210605;0000;28;;;
210606;0000;38;;;
210607;0000;96;;;
210608;0000;55;;;
210609;0000;50;;;
210610;0000;59;;;
210611;0000;52;;;
210612;0000;45;;;
210613;0000;66;;;
210614;0000;59;;;
210615;0000;221;;;
210616;0000;340;;;
210617;0000;415;;;
210618;0000;271;;;
210619;0000;92;;;
210620;0000;164;;;
210621;0000;169;;;
210622;0000;187;;;
210623;0000;129;;;
210624;0000;57;;;
210625;0000;68;;;
210626;0000;94;;;
210627;0000;185;;;
210628;0000;265;;;
210629;0000;303;;;
210630;0000;118;;;
210701;0000;33;;;
210702;0000;40;;;
210703;0000;20;;;
210704;0000;41;;;
210705;0000;53;;;
210706;0000;60;;;
210707;0000;71;;;
210708;0000;97;;;
210709;0000;78;;;
210710;0000;24;;;
210711;0000;15;;;
210712;0000;26;;;
210713;0000;43;;;
210714;0000;40;;;
210715;0000;32;;;
210716;0000;31;;;
210717;0000;41;;;
210718;0000;47;;;
210719;0000;38;;;
210720;0000;44;;;
210721;0000;41;;;
210722;0000;31;;;
210723;0000;35;;;
210724;0000;78;;;
210725;0000;45;;;
210726;0000;45;;;
210727;0000;43;;;
210728;0000;29;;;
210729;0000;28;;;
210730;0000;54;;;
210731;0000;51;;;
210801;0000;27;;;
210802;0000;35;;;
210803;0000;97;;;
210804;0000;257;;;
210805;0000;81;;;
210806;0000;35;;;
210807;0000;27;;;
210808;0000;36;;;
210809;0000;43;;;
210810;0000;72;;;
210811;0000;73;;;
210812;0000;93;;;
210813;0000;44;;;
210814;0000;38;;;
210815;0000;77;;;
210816;0000;64;;;
210817;0000;40;;;
210818;0000;62;;;
210819;0000;79;;;
210820;0000;69;;;
210821;0000;81;;;
210822;0000;46;;;
210823;0000;33;;;
210824;0000;23;;;
210825;0000;26;;;
210826;0000;58;;;
210827;0000;59;;;
210828;0000;28;;;
210829;0000;78;;;
210830;0000;69;;;
210831;0000;35;;;
210901;0000;60;;;
210902;0000;105;;;
210903;0000;63;;;
210904;0000;48;;;
210905;0000;72;;;
210906;0000;99;;;
210907;0000;54;;;
210908;0000;26;;;
210909;0000;36;;;
210910;0000;47;;;
210911;0000;28;;;
210912;0000;19;;;
210913;0000;21;;;
210914;0000;14;;;
210915;0000;19;;;
210916;0000;29;;;
210917;0000;21;;;
210918;0000;26;;;
210919;0000;30;;;
210920;0000;22;;;
210921;0000;30;;;
210922;0000;17;;;
210923;0000;20;;;
210924;0000;17;;;
210925;0000;20;;;
210926;0000;19;;;
210927;0000;18;;;
210928;0000;16;;;
210929;0000;24;;;
210930;0000;17;;;
211001;0000;38;;;
211002;0000;25;;;
211003;0000;12;;;
211004;0000;18;;;
211005;0000;25;;;
211006;0000;17;;;
211007;0000;32;;;
211008;0000;15;;;
211009;0000;12;;;
211010;0000;13;;;
211011;0000;20;;;
211012;0000;27;;;
211013;0000;22;;;
211014;0000;18;;;
211015;0000;11;;;
211016;0000;10;;;
211017;0000;15;;;
211018;0000;10;;;
211019;0000;12;;;
211020;0000;10;;;
211021;0000;16;;;
211022;0000;17;;;
211023;0000;12;;;
211024;0000;12;;;
211025;0000;13;;;
211026;0000;12;;;
211027;0000;13;;;
211028;0000;10;;;
211029;0000;17;;;
211030;0000;17;;;
211031;0000;8;;;
211101;0000;18;;;
211102;0000;11;;;
211103;0000;16;;;
211104;0000;14;;;
211105;0000;12;;;
211106;0000;11;;;
211107;0000;13;;;
211108;0000;18;;;
211109;0000;12;;;
211110;0000;13;;;
211111;0000;17;;;
211112;0000;13;;;
211113;0000;9;;;
211114;0000;15;;;
211115;0000;21;;;
211116;0000;13;;;
211117;0000;8;;;
211118;0000;7;;;
211119;0000;7;;;
211120;0000;8;;;
211121;0000;8;;;
211122;0000;5;;;
211123;0000;4;;;
211124;0000;8;;;
211125;0000;7;;;
211126;0000;12;;;
211127;0000;12;;;
211128;0000;6;;;
211129;0000;12;;;
211130;0000;8;;;
211201;0000;9;;;
211202;0000;10;;;
211203;0000;7;;;
211204;0000;7;;;
211205;0000;5;;;
211206;0000;6;;;
211207;0000;4;;;
211208;0000;12;;;
211209;0000;6;;;
211210;0000;5;;;
211211;0000;6;;;
211212;0000;5;;;
211213;0000;8;;;
211214;0000;7;;;
211215;0000;5;;;
211216;0000;3;;;
211217;0000;6;;;
211218;0000;7;;;
211219;0000;3;;;
211220;0000;4;;;
